자치구,행정동,인구전입량,청년1인가구인구수,아파트월세보증금,아파트월세,다세대주택월세보증금,다세대주택보증금,오피스텔월세보증금,오피스텔월세,아파트매매가,오피스텔매매가,다세대주택매매가,아파트전세,다세대주택전세,오피스텔전세,응급실수,대형마트수,주요공원수,지하철역수
송파구,가락동,1633,1599,15793.17456,38.29925187,8627.313725,57.03921569,5166.666667,42.66666667,92739.51308,16495.18273,31478.11614,68057.9863,16480.87368,5166.666667,1,2,0,5
구로구,가리봉동,934,194,,,7028.571429,42.42857143,1000,60,36556,21340.47291,23695.47506,,10643.33333,9112.5,0,0,0,0
금천구,가산동,4218,1540,5403.5,39.45833333,8302.352941,51.17647059,3099.193548,50.9516129,31481.84721,23561.43811,22441.58696,29833.33333,12942.22222,11263.76923,0,5,0,3
은평구,갈현동,1053,1109,1500,45,5519.230769,57.15384615,,,34098.90121,14300.80952,23501.15568,30816.66667,14372.92683,,2,1,0,2
강동구,강일동,332,300,5866.669725,23.33944954,,,541.6666667,52.25,65862.74874,12295.88776,,20323.83902,,2583.533333,0,0,0,1
구로구,개봉동,1186,991,20077.5625,58.6875,5099.388889,58.25,1750,56,48353.35699,20352.74895,23042.75281,35959.59259,11148.94521,1750,0,3,1,1
송파구,거여동,683,322,6192.651786,36.53571429,6300,60.5,1000,28,65656.11089,20388.33898,32130.80585,35825.33333,15868,15666.66667,0,2,0,1
강동구,고덕동,429,211,24084.25532,111.1702128,3994.444444,70.66666667,1000,58,93468.33704,26397.5,35677.48292,58373.47414,17059.25926,1000,0,1,1,1
구로구,고척동,1583,474,14141.05263,71,2895.75,26.5,3666.666667,40.66666667,45444.67903,31301.53285,21528.67336,31174.46809,8597.733333,8500,1,8,1,0
노원구,공릉동,3574,2748,7623.122449,54.04081633,5195.238095,45.57142857,,,41607.46256,11767.28019,22694.15314,30703.73134,8773.176471,10250,1,3,1,4
강서구,공항동,1705,2277,8836.314815,49.11111111,4634.594595,51.59459459,1966.666667,37.78571429,46470.93008,11591.7598,24641.45325,36635.23107,13091.50943,4863.425926,1,1,2,9
광진구,광장동,253,124,25906.25,115.9375,9333.333333,124,,,101689.9141,22379.14123,48723.56704,58510.89231,44076.92308,45000,0,1,1,1
중구,광희동,477,309,8100,78.1,1000,72.5,1000,65,26421.79545,15615.97154,28430,28333.33333,15250,1000,0,0,0,2
종로구,교남동,172,225,30363.76923,111.8461538,6447.333333,47,1000,110,123343.5059,36728.94737,23027.78261,80566.1,7240.571429,24833.33333,2,0,0,1
구로구,구로동,6323,2475,9441.373134,64.14925373,4080,39.95,5388.888889,46.55555556,40303.8456,16919.10676,25435.53451,33218.09353,9709.52381,10190.11628,1,12,0,5
은평구,구산동,647,475,6240,44.2,3941.666667,45.25,3000,110,40826.82195,18300,21914.11259,34428.57143,11503.84615,13750,0,1,1,1
광진구,구의동,2916,1786,15938.88889,112.1666667,10184.62963,49.24074074,3511.764706,61.47058824,81778.43195,20438.92647,29246.4259,59577.45098,17897.15447,11473.33333,0,9,0,2
광진구,군자동,1513,569,,,8444.444444,57.22222222,6000,68.5,69212.21498,23269.11111,27756.54017,70000,18033,13970,0,1,0,0
성동구,금호동,829,669,21109.97563,178.8810916,11250,51.5,1000,45,89856.1811,14925.30364,36350.81723,64191.921,13600,1000,0,3,2,2
강동구,길동,1640,1632,9434.514286,43.85714286,7640.444444,43.61111111,3604.166667,64.75,43511.53407,17011.48104,30013.5293,33584.31818,15069.52778,10944.23077,1,4,1,1
성북구,길음동,,,18500.5,73.05,1000,85,1000,65,57234.86572,35458.52941,25874.12117,,9500,20500,0,5,0,1
서대문구,남가좌동,1107,919,12801.33333,108.3333333,4625,46,,,74688.28267,33255.71429,21532.99337,48728,7916.666667,,0,5,0,1
용산구,남영동,390,112,70000,228.75,500,45,2333.333333,87.66666667,119884.8485,33641.02793,55526.1194,,17500,6775,0,1,0,5
관악구,남현동,1562,701,19500,58.25,11957.625,53.5625,4300,37.33333333,58102.2027,16593.62539,34669.75938,39166.66667,17114.88,4828.571429,0,1,0,0
서초구,내곡동,279,428,17751.625,99.625,,,3166.666667,85.66666667,109517.3056,21918.64706,82478.57143,64018.24138,47166.66667,9760,0,0,2,1
동작구,노량진동,4198,1166,15338.79167,108.625,571.4285714,55.42857143,2142.857143,61.71428571,71658.3286,21696.435,52098.78122,46003.96825,2833.333333,15269.79167,0,1,2,3
은평구,녹번동,970,718,19590.66667,85,5352.941176,61.52941176,840.1666667,49.16666667,64086.9374,20923.43961,24022.01719,44503.61538,14102.77778,5480.125,0,0,0,2
강남구,논현동,3512,2406,21406.73333,144.7333333,6041.853333,106.7333333,2000,160,108128.5726,38772.49767,57549.71983,60648,12827.36893,2000,0,5,0,4
광진구,능동,860,410,,,10965.38462,54.84615385,1000,85,42812.5,10577.77647,35313.83372,,17723.47826,1000,0,0,1,3
동대문구,답십리동,1468,1105,14627.38298,72.46808511,10666.66667,86.66666667,2291.304348,59.91304348,58900.64208,16637.19097,32465.19174,43801.77778,17035,6790,0,2,2,0
영등포구,당산동,4208,1935,14848.61765,77.61764706,15916.66667,28.06818182,6896.153846,61.49602122,70318.29613,28162.89573,29419.27475,54533.53712,19926.04167,15613.69135,1,2,2,6
동작구,대방동,1841,1017,15737.5,87.375,8338.461538,61.38461538,8800,40,58275.55271,14415.35252,36334.42623,50840.28205,16878.33333,12641,0,2,0,4
은평구,대조동,1485,1224,6308.333333,25.16666667,5818.181818,56.72727273,500,35,32851.63415,18877.35309,25841.59064,23112.5,12498.55769,12350,0,2,1,2
관악구,대학동,4069,266,,,,,,,,,,,,,0,1,1,0
강남구,도곡동,738,629,56803.92157,158.9803922,9785.714286,45.71428571,18500,300,178604.6148,84909.38532,50153.79037,88802.29474,17338.46154,26600,1,2,1,3
영등포구,도림동,942,246,13931.25,76.625,12666.66667,24,4125,86.75,71052.5641,34520.06349,27250.84768,46847.78571,19150,10957.69231,0,1,0,0
도봉구,도봉동,630,395,7153.846154,137.1538462,2333.333333,48.33333333,1671.578947,61,38226.22994,16946.18466,18423.79103,27701.51515,12961.25,3158.238095,0,2,1,3
마포구,도화동,,,,,,,,,48836.3245,20835.52846,48106.25,,11166.66667,10000,0,0,0,0
금천구,독산동,5557,2327,19563.37634,62.67741935,7125.457143,55.58571429,4765.909091,52.65909091,47671.19877,28577.77281,24246.10611,37518.52459,13571.0597,11366.41975,0,10,1,0
금천구,독산동,5557,2327,19563.37634,62.67741935,7125.457143,55.58571429,4765.909091,52.65909091,47671.19877,28577.77281,24246.10611,37518.52459,13571.0597,11366.41975,0,10,2,0
금천구,독산동,5557,2327,19563.37634,62.67741935,7125.457143,55.58571429,4765.909091,52.65909091,47671.19877,28577.77281,24246.10611,37518.52459,13571.0597,11366.41975,0,10,3,0
성북구,돈암동,,,,,,,,,,,,,,,0,1,0,0
성북구,동선동,1774,831,11111.11111,81.88888889,10333.33333,39.66666667,5666.666667,51.66666667,53918.44201,18922.18142,26144.61474,34600,13645.45455,6760,0,1,0,2
중구,동화동,114,69,,,,,,,,,,,,,0,0,0,0
강동구,둔촌동,437,401,28400,54.28571429,13696.85714,49.21428571,,,80463.63126,13133.78571,31607.71607,44629.8,21571.26087,,1,0,2,3
강서구,등촌동,3447,,8901.571429,55.64285714,6114.285714,59.10714286,6348.039216,56.8627451,57008.90395,22210.40866,25755.83404,33162.76596,16225.53247,16051.24031,1,3,1,2
성동구,마장동,1129,465,11350,67.875,12666.66667,46.66666667,,,63896.43669,18072.7193,30914.71132,32604.09091,20156.25,,0,1,0,1
송파구,마천동,478,279,6509.2,20.76,8714.285714,36.07142857,,,58253.16524,37587.5,37347.27352,24862.33333,16363.44444,,0,2,1,1
과천시,막계동,,,,,,,,,,,,,,,0,0,1,0
중랑구,망우동,1981,517,5775.481481,28.03703704,11408,46.09090909,1500,57,37366.54731,17596.68093,25177.18547,33100,16157.23077,12585.29412,1,2,2,2
마포구,망원동,1464,1513,12142.85714,129.5714286,9284,50.775,,,61299.72562,,27621.66516,47220,18547.7551,,0,1,0,1
중랑구,면목3.동,,,,,,,,,,,,,,,0,1,0,0
중랑구,면목동,2899,1868,13200.08696,77.63043478,11430,52.3,5000,141.25,44362.16183,22721.76534,26631.98595,36780.20833,19892.30328,10857.14286,1,2,1,2
중랑구,면목동,2899,1868,13200.08696,77.63043478,11430,52.3,5000,141.25,44362.16183,22721.76534,26631.98595,36780.20833,19892.30328,10857.14286,1,2,2,2
중랑구,면목동,2899,1868,13200.08696,77.63043478,11430,52.3,5000,141.25,44362.16183,22721.76534,26631.98595,36780.20833,19892.30328,10857.14286,1,2,3,2
중랑구,면목동 ,,,,,,,,,,,,,,,0,0,0,1
중랑구,면목제3.동,693,,,,,,,,,,,,,,0,0,0,0
중구,명동,203,7,,,,,,,59125,28509.96835,32480,,22333.33333,20666.66667,0,2,1,0
강동구,명일동,602,333,19165.95238,94.71428571,6600,65,2687.5,59.75,75863.23542,27647.9541,29560.09615,47574.65,18966.92308,12409.61538,0,4,1,2
양천구,목동,2455,2240,34561.11111,120.4603175,6953.225806,50.24193548,6725,116.4,100406.0766,44890.11657,23647.57467,62052.0582,15023.28177,21494.22222,1,12,2,3
종로구,무악동,39,40,22400,164.6,7000,50,,,89452.14698,,32076.19048,63683.33333,7000,,1,1,0,0
중랑구,묵동,1576,,9867.857143,69.57142857,8966.190476,49,1000,55,48639.7688,14526.91667,25392.79358,42009.52381,13571.48718,6100,0,1,1,1
영등포구,문래동,735,328,23314.28571,68.85714286,,,9097.058824,74.47058824,68722.93814,47686.78297,29078.33333,48189.78261,,19520.96774,0,4,0,1
송파구,문정동,1671,1267,26741.8007,115.8636364,9750.469388,45.14285714,3559.44,83.272,95181.1632,26816.67833,33217.61426,56650.07505,17792.76,10939.81095,0,4,1,2
송파구,문정동,1671,1267,26741.8007,115.8636364,9750.469388,45.14285714,3559.44,83.272,95181.1632,26816.67833,33217.61426,56650.07505,17792.76,10939.81095,0,4,1,1
송파구,문정동,1671,1267,26741.8007,115.8636364,9750.469388,45.14285714,3559.44,83.272,95181.1632,26816.67833,33217.61426,56650.07505,17792.76,10939.81095,0,4,1,3
송파구,문정동,1671,1267,26741.8007,115.8636364,9750.469388,45.14285714,3559.44,83.272,95181.1632,26816.67833,33217.61426,56650.07505,17792.76,10939.81095,0,4,2,2
송파구,문정동,1671,1267,26741.8007,115.8636364,9750.469388,45.14285714,3559.44,83.272,95181.1632,26816.67833,33217.61426,56650.07505,17792.76,10939.81095,0,4,2,1
송파구,문정동,1671,1267,26741.8007,115.8636364,9750.469388,45.14285714,3559.44,83.272,95181.1632,26816.67833,33217.61426,56650.07505,17792.76,10939.81095,0,4,2,3
관악구,미성동,1155,418,,,,,,,,,,,,,0,1,0,0
서초구,반포동,1618,1072,68047.73333,257.8666667,18302.63158,89.36842105,,,239571.063,99627,62742.81899,113348.7083,22393.52273,,1,3,0,6
강서구,발산동,383,275,17535.82051,95.84615385,8113.333333,46.66666667,1000,64,66899.65636,,24264.47044,40357.79518,16573.91304,1000,1,2,1,0
서초구,방배동,,,,,,,,,,,,,,,0,2,0,0
송파구,방이동,2649,1558,33241.37931,117.5172414,8342.20339,60.25423729,3954.285714,82.17142857,119546.5314,22579.9085,34210.31266,65415.38462,18268.29197,13348.37879,0,2,1,5
도봉구,방학동,854,600,6600,71.6,6500,42.71428571,1800,53.9,38230.23252,14920.66102,17615.98949,27429.25424,13791.42857,7110.526316,0,4,1,1
강서구,방화동,,,23461.53846,149.6153846,2500,98.75,3187.352941,59.6127451,91596.62863,18422.38225,28029.59358,,11187.5,9656.185984,1,6,1,4
강서구,방화동,,,23461.53846,149.6153846,2500,98.75,3187.352941,59.6127451,91596.62863,18422.38225,28029.59358,,11187.5,9656.185984,1,6,1,1
강서구,방화동,,,23461.53846,149.6153846,2500,98.75,3187.352941,59.6127451,91596.62863,18422.38225,28029.59358,,11187.5,9656.185984,1,6,1,5
강북구,번동,1337,756,4000,65,3400,39.2,700,56.25,39349.67564,12985.62025,17184.63808,23972.06897,9170,700,1,1,2,0
용산구,보광동,410,133,4000,340,1000,59,,,112698.5955,,89983.05556,41725,18600,,0,1,0,0
관악구,보라매동,1626,404,12312.86364,70.84545455,10655.07246,44.66666667,5363.684211,43.52631579,57180.6189,16423.94216,26865.02679,45740.7987,16613.38235,8244.935897,2,10,1,4
동작구,보라매동,,,,,,,,,78000,,,,,,0,0,0,0
성북구,보문동,717,390,11027.15385,61.38461538,500,50,,,63511.9545,14362.5,25664.98239,50500,11666.66667,31000,0,1,0,2
종로구,부암동,162,53,,,11250,58,,,39701.02041,15563.33333,39325.87786,30000,19000,,0,0,1,0
서대문구,북가좌동,942,818,19639.875,64.875,10272.22222,41.94444444,,,69987.72939,12994.79167,25487.39179,45950,15715.95745,,0,0,0,0
서대문구,북아현동,357,217,17255.08696,147.7391304,6375,81.25,2333.333333,82.16666667,83640.23071,22664.34331,45729.33264,58341.04878,17958.33333,10309.52381,0,1,0,0
은평구,불광동,1618,1376,7022.2,73.33333333,7295,40.5,,,57223.06301,22969.73988,23453.68652,34618.88889,13453.80952,19025,0,6,1,1
성동구,사근동,1450.5,1233,19996.39474,122.8157895,10166.66667,56.44444444,1000,63,81880.99316,21669.87919,38142.96179,59551.39063,19890.51724,15166.66667,1,5,0,6
동작구,사당동,4764,2207,24235.86607,130.3214286,9693.704545,49.47727273,8380,38.8,87175.01894,16188.7619,35806.52889,61424.43756,16746.73563,9650,0,3,6,14
종로구,사직동,344,56,28500,236.6666667,1750,52.5,6000,80,124267.0455,36716.78931,46763.20197,115000,1750,42000,0,0,2,1
성북구,삼선동,752.5,827,13695.51163,82.39534884,5500,62.5,8333.333333,49.33333333,57750.5642,18542.30769,27677.50405,42664.42222,17897.22222,8333.333333,0,4,2,1
강남구,삼성동,1634,1209,25700.83333,223.25,3646.428571,78.96428571,8714.285714,100,167180.4478,39242.43786,81023.06231,87298.3913,9335.135135,15686.36364,0,5,1,9
강북구,삼양동,653,806,10098.9125,55.9875,6492.823529,43.29411765,2833.333333,84.66666667,53274.14678,14784.03509,22471.85902,38467.38462,13754.57353,2833.333333,1,8,0,5
송파구,삼전동,1642,2124,,,9767.35514,43.82242991,30000,10,47261.29032,25344.17568,32543.03756,42750,15353.27374,24250,0,1,0,1
동작구,상도동,6635,3513,24974.5,95.3,9054.767857,55.05357143,600,57.5,78221.60955,20253.78947,29015.46982,59085.85714,15338.44355,600,0,6,1,2
중랑구,상봉동,1874,1743,7742.333333,53.83333333,9269.818182,57.06818182,4550,69.83333333,47338.79781,23717.53548,26656.63777,26782.88889,14819.84706,12230.76923,0,2,0,5
마포구,상암동,1025,367,6776.052632,164.3157895,4000,52.5,1782.954545,67.22727273,81802.9633,25078.18581,22261.32584,46922.15556,9490.909091,4578.75,0,0,2,1
강동구,상일동,428,667,16590.38889,73.55555556,2326.666667,42.33333333,,,89157.42829,,43544.07087,52240.69643,15782.85714,,1,0,1,1
마포구,서강동,1278,1289,16881.88571,69.37142857,9300,49.125,5233.333333,36.33333333,99003.3472,20115.80989,32484.32114,73068.92857,18347.05882,6675,0,1,0,2
마포구,서교동,2545,1819,7500,72.66666667,7933.823529,56.05882353,2400,58,91146.04399,22050.575,33972.03562,75500,10593.18182,5483.333333,0,6,0,4
용산구,서빙고동,129,127,16816.66667,180.8333333,666.6666667,61.66666667,,,172183.6294,,113728.8416,61590,14000,,0,2,1,1
관악구,서원동,4525.5,1920,9553.135593,68.30508475,7404.461538,51.92307692,2924.155556,65.97777778,44702.55113,18872.64206,24057.72993,30012.09375,13378.14184,6373.95,2,3,0,5
서초구,서초동,2940,4313,37951.22881,150.709168,12457.30512,67.31976744,5316.27907,96.60852713,129483.4784,29474.28073,59630.08317,86355.95774,23376.61885,14336.88953,0,2,0,18
성북구,석관동,909,702,9458.333333,108.1666667,8922.222222,47.33333333,7625,33,57708.81651,15932.28682,25225.68654,44854.54545,15523.07692,7625,0,0,1,1
송파구,석촌동,1806,2261,10090.90909,127.7272727,9175.842593,51.61111111,3166.666667,66.5,66803.34917,26310.27826,33637.36477,75000,15264.70286,8200,0,2,0,2
강동구,성내동,2231,1799,17839.13043,63.08695652,12184.82051,36.25641026,2233.333333,68.83333333,58108.48709,19963.69663,30924.34334,42115.5814,17691.38095,6966.666667,0,4,0,1
성북구,성북동,678,336,13000,15,7044.444444,58.55555556,1000,75,44902.14912,17760.78125,48872.19273,42750,18925.86207,1000,0,0,0,0
마포구,성산동,2938,1511,19476.70968,60.74516129,8522.5,69.90416667,4274.736842,55.38947368,65185.41265,13400.85165,28367.22791,37794.01961,14087.95455,5591.904762,0,2,1,2
성동구,성수1가동,1004,487,27338.88889,427.5,10166.66667,47.83333333,3500,88.75,138638.2774,25982.52113,61720.69307,72620.125,17232.6087,9818.181818,0,1,1,2
성동구,성수2가동,1024,471,33575,127.0833333,7890.666667,59,3416.666667,59.16666667,97088.14028,19311.81768,129298.6798,57102.5,17513.05882,7937.5,0,2,1,1
강남구,세곡동,979,146,14153.45714,94.25714286,52000,102.5,3474.358974,65.38461538,107725.3068,23658.07248,160788.5248,49119.49383,46571.42857,12870.34146,0,0,1,0
중구,소공동,141,90,13060,178,,,2000,110,75624.2093,41243.95142,,53833.33333,,12000,0,1,0,2
성동구,송정동,430,122,19000,50,9500,32,1000,105,59249.37107,20000,31819.06667,31812.8,23628.57143,1000,0,0,0,0
송파구,송파동,1871,2070,28222.22222,103.5555556,8311.408602,55.7311828,1000,67,95811.35901,29008.84615,34792.66394,56817.90476,15864.61017,19666.66667,0,2,0,0
구로구,수궁동,312,218,18333.33333,100,3365.304348,39.82608696,,,46811.74047,,25651.05764,35666.66667,11280.47826,,0,0,0,2
은평구,수색동,225,269,17354.75,76.5,1500,52.5,,,68222.62162,,30503.87093,35903.40909,11857.14286,,0,1,0,2
강북구,수유동,2628,1261,3535.483871,94,5168.75,58.16666667,1428.571429,69.21428571,37201.79625,14780.05596,19048.99163,28071.42857,11095.96739,2066.666667,1,6,0,3
종로구,숭인동,1297,699,9761.333333,66.33333333,,,3439.25,61,37464.22246,20212.20157,24536.00951,29166.66667,21100,9111.934783,0,2,1,2
금천구,시흥동,1935,1241,8355.04,60.72,8240.296296,42.18518519,5000,46.8,42210.61389,23896.66065,23509.06005,29492.5,13860,11350.8,1,7,1,1
영등포구,신길동,1577,1033,13343.75,91.625,4580,56.625,9000,30,47159.94,23189.84091,27401.29946,,8082.5,9000,3,3,0,1
중랑구,신내동,613,662,9042.583333,54.04166667,11950,21,928.5714286,52.57142857,41871.42654,15938.03534,22259.46341,29445.37879,15485.71429,928.5714286,1,3,0,2
동작구,신대방동,2024,1297,28526.84211,71.68421053,6750,48.78571429,1125,92.5,71445.8986,28430.54187,26818.78943,45394.04651,13662.59259,11200,1,0,1,3
구로구,신도림동,812,387,21846.875,108.46875,,,8863.636364,63.72727273,75296.78122,42322.42631,42092,45038.90196,15500,20919.56522,0,2,0,3
강남구,신사동,355.5,431,28418.62745,223.2156863,6333.333333,115.75,1833.333333,158.3333333,253415.7809,40301.79487,62219.71059,85441.35821,17466.66667,1833.333333,0,8,1,4
은평구,신사동,960,1157,12577.5,35.71428571,7682.608696,38.08695652,3700,60.6,40934.83805,27660.40984,22248.17578,31399.0625,13795,9561.538462,0,1,1,2
양천구,신월동,1857,1835,10512.56667,96.23333333,4966.666667,44.36666667,12500,37.5,44714.68899,17689.82353,18658.09234,31735.93151,11806.90476,13125,0,3,1,0
서대문구,신촌동,4230,1593,8000,135,8714.285714,59.92857143,1000,95,32122.98137,21392.69565,31087.05078,15000,13731.57895,3923.076923,1,3,1,1
도봉구,쌍문동,1578,970,6464.166667,54,7417.857143,45.42857143,,,34384.5697,22571.11842,20722.24278,24802.88462,13408.09524,5000,1,2,1,0
마포구,아현동,877,2010,22113.33918,81.06334479,4931.25,48.875,4597.826087,71.10869565,96591.7063,27838.14123,39980.65183,61447.2665,16276.59574,14546.34146,0,4,0,5
성북구,안암동,2190,666,5302.5,105,3800,51.8,,,40433.21348,,28923.16294,32040.625,7233.333333,,1,0,0,1
강동구,암사동,1083,897,27333.33333,109.5416667,10124,38.31707317,1000,58,75803.17498,30253.04054,29449.08933,51606.33803,17996.64198,1000,0,2,0,1
중구,약수동,601.5,971,4697.389121,101.4947699,8086.842105,52.52631579,7458.333333,66.08333333,75995.85555,25280.04505,31447.1383,59872.02857,16425,15757.69231,0,4,0,4
서초구,양재동,2089,1425,25432,100.625,9795.175439,56.68421053,500,56.25,86794.79059,16838.41929,42603.97097,52853.5942,21931.11511,9220,0,1,8,1
영등포구,양평동,2772,1179,13825,89.575,14933.11111,49.58333333,8061.282051,64.13589744,59698.0883,28807.9185,29273.22356,42276.85897,21907.40097,19202.68527,1,4,0,3
영등포구,여의동,517,167,16863.63636,121.8181818,,,7510.344828,107.8965517,148715.9432,40428.21636,,55008.95522,,16306.67347,2,2,2,6
강남구,역삼동,5986,3111,29542.33766,180.5194805,7159.032258,73.03225806,5161.358491,79,116777.4626,27892.86042,43094.15857,80296.70886,18289.08264,14183.42342,1,2,0,5
은평구,역촌동,1015,906,10000,95,6145.266667,51.33333333,6325,55.5,43930.17612,18844.78444,22612.57891,40000,14068.15584,12568.75,0,2,0,0
마포구,연남동,1283,929,15333.33333,53.33333333,5273.684211,55.42105263,,,69147.29107,,36505.25173,50000,14498.52941,,0,2,0,0
서대문구,연희동,2664,1166,10000,190,6845.857143,49.5,2875,52.5,51972.01382,21234.1501,28154.05871,41083.33333,16386.23077,9612.727273,0,1,1,0
강서구,염창동,3054.5,2199,10596.01099,60.13186813,10793.14286,27.64285714,6053.275862,48.62068966,58021.36521,21489.8989,25390.37317,38109.89952,16122.8,16094.65333,0,5,3,3
영등포구,영등포동,4366.5,4085,14853.17127,81.31430288,9953.6,48.965,6109.00641,48.49038462,59423.86401,19735.64218,29828.90953,43259.00399,17020.68362,13030.79515,3,8,2,14
송파구,오금동,504,414,28057.06667,90.6,11233.68421,45.94736842,,,79944.46478,23922.68519,31755.74351,54350,19559.75,,0,2,1,2
구로구,오류동,2350,1452,6474.435606,25.88041126,5411,34.4,4791.538462,50.38461538,47739.21771,17233.83126,29745.76466,28909.19091,10670.74074,10431.04167,0,2,1,3
성동구,옥수동,308,328,30478.02083,171.5625,21666.66667,450,1000,78,109043.0187,19818.8209,64723.3871,64695.20513,35666.66667,5666.666667,0,1,1,2
성동구,왕십리동,1441,705,33778.48809,132.9206349,11683.33333,55.66666667,6089.285714,70.4285714,86453.23528,24676.29862,27888.24228,66415.87237,24614.28571,18456.33117,1,2,0,1
마포구,용강동,897.6666667,1850,21684.4883,117.7415205,1970.8,55.4,1264.285714,84.78571429,95484.84426,25092.90446,36032.42424,56368.57292,17096.32,12833.33333,0,0,0,1
성동구,용답동,1133,271,5500,54.5,3600,116.2,2650,80.6,53824.73684,21818.93254,42205.15545,38000,16861.11111,11190.17857,0,1,0,3
용산구,용문동,367,460,28666.66667,136,3500,71.66666667,,,76414.09462,,37728.8674,49000,20469.62963,,0,0,0,1
용산구,용산2가동,425,334,1000,100,8000,61.875,,,56225,,30385.49642,45000,13631.57895,,0,0,0,1
동대문구,용신동,2587,1110,7699.470588,85.64705882,18000,23.33333333,1928.571429,64.14285714,56761.09191,16300.22276,30478.89552,37893.75,21468.33333,9156.410256,1,3,1,4
강북구,우이동,374,273,15000,100,14984.44444,35.33333333,,,41952.73109,,22361.42458,23133.33333,15704.61538,,0,0,1,3
용산구,원효로동,2140,947,25195.11806,93.71875,10835.71429,68.35714286,4794.117647,88.29411765,89302.74654,23448.98494,45668.21031,51313.84712,20914.10256,18856.9697,0,0,0,0
노원구,월계동,1553,1497,7028.983333,51.78333333,3387.5,54.125,,,44447.50603,11347.71429,18570.70182,28202.80576,8583.333333,,0,1,0,5
성북구,월곡동,1329,594,31000,45,3750,65.5,,,47172.28414,,23483.33333,34890,6833.333333,,0,1,0,1
은평구,응암동,2213,1406,14897.32,88.64,5234.347826,52.2173913,3038.461538,46.53846154,56606.84066,16831.51682,21716.0138,47613.09091,13291.08108,9206.666667,0,3,0,0
동대문구,이문동,2351,852,12623.09091,89.54545455,6510.833333,33.5,1733.333333,51.33333333,54085.23396,14875.92182,27514.87157,37743.03448,6580.714286,6740,0,4,0,2
용산구,이촌동,237,217,27684.14634,168.1707317,2000,117.5,,,143387.6476,,66849.76744,63639.82353,2000,,0,1,0,1
용산구,이태원동,778,284,1942.857143,292.8571429,15583.33333,205,,,133414.206,,54202.05692,55489,28494.61538,,0,2,0,1
강남구,일원동,909.75,2716,29371.51261,102.8485146,14763.61905,72.35714286,3050,85.2,143522.1041,30002.08958,51986.02446,69597.58504,24052.78551,13343.42105,1,9,2,18
광진구,자양동,3134,1832,25853.65854,152.7073171,10773.69565,54.86956522,8750,84.25,88855.71301,35280.65362,34798.54337,55348.86076,20446.27211,40277.77778,1,7,0,1
송파구,잠실동,2660,2309,38086.65289,158.5551882,11046.72727,45.59090909,1333.333333,83,149814.5371,146723.3508,31574.42454,79512.85578,15257.41221,16511.11111,0,14,2,16
서초구,잠원동,561,314,26657.14483,99.06896552,1416.666667,82.33333333,,,172268.6938,29610.03297,35266.90141,77489.89844,10850,,0,2,0,2
동대문구,장안동,1932,2234,10900,86,4339.125,53,3411.375,51.25,50142.84453,21597.05857,31550.28437,39520,15645.88571,8913.55102,0,7,0,1
성북구,장위동,934,1033,13440.85714,49.78571429,8018.181818,39.27272727,500,52,64818.88204,11106.28571,27720.76893,46664.25806,16311.97183,8475,0,2,0,0
중구,장충동,560,519,,,1000,53,,,250382.1429,,35124.03846,,14900,,0,0,0,0
동대문구,전농동,1205,818,16463.22222,69.61111111,9463.636364,39.09090909,2062.5,58,70625.08124,19829.53049,29171.0745,48062.30159,17423.52941,8230.769231,0,5,1,4
성북구,정릉동,1378.5,1983,17078.86301,84.46575342,6014.724138,54.20689655,3500,100,58378.08963,22187.77778,23071.38722,41317.82761,12030.11864,3500,0,11,0,3
동대문구,제기동,1378,643,13000,122.5,7900,56,,,53716.95163,19316.80723,28938.27497,40166.66667,17220.45455,29000,0,4,0,1
성북구,종암동,1070,618,11764.28571,116.7857143,6750,61.9,,,59037.92888,40350,26142.81206,43767.74194,13155.55556,,0,1,0,1
노원구,중계동,1450,3823,7892.844425,61.47993827,10426.8,31,812.5,58.58333333,45134.50144,19581.20133,20337.64038,29648.7821,12856.22857,13795.83333,1,12,2,14
광진구,중곡동,3023,1706,6440,52.4,9125.104167,42.33333333,2916.666667,62,38449.90888,19336.97101,29395.14498,29557.14286,17587.584,8050,0,6,0,1
중구,중림동,281,248,19429.71429,70.42857143,4536,83.6,,,89335.97823,46399.04603,38636.84211,67619.04762,4536,,0,0,1,0
중랑구,중화동,1198,575,9375,69.375,5720,52.52631579,6500,62.5,42174.34648,12280.18868,25685.49231,34391.66667,12877.82609,15825,0,2,0,3
은평구,진관동,1156,266,15333.56818,61.70454545,,,2913.239437,50.38028169,69913.24146,16403.62604,73805.71429,40334.78723,60500,5558.314607,1,1,3,1
도봉구,창동,1863,1659,6070.762712,67.77966102,5193.478261,46.26086957,2668.75,61.375,45229.17688,22087.59164,19087.33104,26951.62275,12107.25806,14420.125,0,7,3,4
종로구,창신동,352,205,30100,20,,,,,48414.64835,23985.71429,22821.54179,33717.3913,16271.25,,0,1,0,2
서대문구,천연동,306,198,18934.11111,90.55555556,5000,80,,,70229.48194,,24852.53165,47490.52632,5000,,0,0,1,1
강동구,천호동,3480,2543,17681.48571,86.17142857,11123.76923,54.5,2972.5,58.26190476,56642.67157,20610.34966,28978.02562,46199.60784,18689.29496,9239.848485,0,5,1,3
강남구,청담동,695,541,41500,278.2142857,6838.461538,73.46153846,,,182016.332,77535.14066,138525.0078,95219.35484,18528,,0,2,1,1
동대문구,청량리동,313,115,7512.5,120,1625,52.5,3444.444444,90.77777778,72375.03145,16415.7377,29625.8961,35038.46154,2444.444444,12370.12987,1,1,0,0
종로구,평창동,153,91,20500,155,11000,101.6666667,,,77228.63977,11975,60499.08939,52333.33333,32600,,0,0,0,0
송파구,풍납동,1086,556,19137.68421,93.15789474,7727.777778,34.72222222,,,71087.87796,,27285.47077,51574,11180,,1,2,0,0
중구,필동,343,126,5000,55,1220,65.4,1916.666667,82.16666667,50032.38889,25792.8381,29474.91329,22500,5337.5,9993.181818,0,0,0,3
노원구,하계동,1548,282,8209.596154,65.63461538,2000,35,,,46724.71097,13900.9375,30382.62264,29666.81609,38250,,1,1,0,1
용산구,한강로동,889,894,17801.05882,144.6470588,,,2000,71,159399.9049,43508.97712,64164.07328,82154.54545,20945,21214.28571,0,3,0,1
용산구,한남동,677,492,14166,396.7333333,25777.77778,266.3333333,,,242723.6153,60453.74699,148590.8412,139359.8571,25000,,1,1,0,2
마포구,합정동,1071,953,56500,245,7823.870968,57,3250,60.75,89482.48387,30006.40369,32070.3986,58670,16606.31579,3250,0,1,0,1
종로구,혜화동,1501,759,30000,40,2128.571429,85.57142857,,,73340.4661,,36181.4314,57500,3600,,0,0,1,0
서대문구,홍은동,1129,912,14322.04167,81.5,6442.222222,48.66666667,750,51.5,49291.19866,22943.82716,20766.34295,37460.16667,15177.85714,750,1,2,1,0
서대문구,홍제동,1124,687,11134.8,83.025,4308.1,57.2,3666.666667,86.66666667,57268.26253,,24366.65656,36948.11111,11206.46429,3666.666667,0,3,1,2
강서구,화곡동,9313,7748,11452.69492,69.45762712,6441.533742,52.65030675,4338.983051,53.69491525,53423.05833,22399.00615,21156.44471,39454.53982,14722.94792,10320.96774,0,6,1,4
광진구,화양동,4925,1988,2250,86.25,5222.153846,50.03846154,4482.142857,61.39285714,28484.70085,19841.02146,27437.06071,40550,7559.588235,10082.97674,1,2,0,3
중구,황학동,865,401,14118.18182,115.2727273,20700,15,7542.857143,43.85714286,60776.56421,21999.50624,24532.63158,50413.88889,23505,18476.80952,0,2,0,0
동대문구,회기동,1408,758,3600,106.6,12400,22,,,43846.51072,22452.82353,21788.41727,33000,11200,,1,1,0,0
중구,회현동,99,69,,,2000,60,,,125698.8812,15556.66667,41843.35,106000,13500,,0,5,2,2
용산구,효창동,348,341,30000,157.5,15285.71429,39,,,85729.8019,,40656.87543,73080,24508.33333,,0,0,1,1
용산구,후암동,635,420,12666.66667,80,10900,45.2,,,75013.53909,16485,41042.53325,45812.5,19847.67442,,0,0,0,0
동대문구,휘경동,2887,1379,12787.70588,54.47058824,6428.571429,43.57142857,888.8888889,84.44444444,54766.1024,14816.14417,29115.61133,41974.22,7000,2788.095238,1,1,0,3
동작구,흑석동,941,371,10928.27891,50.98639456,25000,35,,,104460.04,,55453.86515,61644.75532,26000,,1,1,0,1
